evla,evlo
-1.530830001831054688e+01,-6.516339874267578125e+01
