evla,evlo
-1.946809959411621094e+01,-1.793287963867187500e+02
